{"LevelName": "AlgebraLevel2",
"Creator": "Team24",
"Description": "Create a circuit with behaviour f = (a * b)' + (c * d)'
Difficulty: 3/5
Hint: DeMorgan's laws.",
"star1": 6,
"star2": 5,
"star3": 4,
"Inputs": [{"Id": 0},
{"Id": 1},
{"Id": 2},
{"Id": 3}
],
"Outputs": [{"Id": 0}
],
"Solution": [
[["False","False","False","False"],["True"]],
[["True","False","False","False"],["True"]],
[["False","True","False","False"],["True"]],
[["True","True","False","False"],["True"]],
[["False","False","True","False"],["True"]],
[["True","False","True","False"],["True"]],
[["False","True","True","False"],["True"]],
[["True","True","True","False"],["True"]],
[["False","False","False","True"],["True"]],
[["True","False","False","True"],["True"]],
[["False","True","False","True"],["True"]],
[["True","True","False","True"],["True"]],
[["False","False","True","True"],["True"]],
[["True","False","True","True"],["True"]],
[["False","True","True","True"],["True"]],
[["True","True","True","True"],["False"]]
]
}
