{"LevelName": "BasicLevel2",
"Creator": "Team24",
"Description": "Create a 4-input AND gate.
Difficulty: 2/5
Hint: Try using 2-input AND gates.",
"star1": 5,
"star2": 4,
"star3": 3,
"Inputs": [{"Id": 0},
{"Id": 1},
{"Id": 2},
{"Id": 3}
],
"Outputs": [{"Id": 0}
],
"Solution": [
[["False","False","False","False"],["False"]],
[["True","False","False","False"],["False"]],
[["False","True","False","False"],["False"]],
[["True","True","False","False"],["False"]],
[["False","False","True","False"],["False"]],
[["True","False","True","False"],["False"]],
[["False","True","True","False"],["False"]],
[["True","True","True","False"],["False"]],
[["False","False","False","True"],["False"]],
[["True","False","False","True"],["False"]],
[["False","True","False","True"],["False"]],
[["True","True","False","True"],["False"]],
[["False","False","True","True"],["False"]],
[["True","False","True","True"],["False"]],
[["False","True","True","True"],["False"]],
[["True","True","True","True"],["True"]]
]
}
